{"ServerTag":[""],"ServerUntagged":"","ServerVanityURL":"","LiveSupport":"","YetkiliAlimDM":[""],"AttendedMeeting":"","ExcusedRole":"","OwnerRoles":[""],"ManagmentRoles":[],"StaffManagmentRoles":[],"SeniorMannagmentRoles":[],"SubManagmentRoles":[],"ProblemSolversRoles":[""],"Authorities":[],"StartAuthority":[""],"BanHammer":[],"JailHammer":[""],"CMuteHammer":[],"VMuteHammer":[],"WarnHammer":[],"GiveawayHammer":[],"UnderWorldRoles":[],"SuspectedRoles":[],"ForbiddenTagRoles":[],"JailedRoles":[""],"MutedRole":[""],"VMutedRole":[""],"ManRoles":[],"GirlRoles":[],"UnRegisteredRoles":[""],"ConfirmerRoles":[],"RolePanelRoles":[],"BannedRoles":[],"TaggedRole":"","BoosterRole":"","StarsOfTheWeekRole":"","VipRole":"","MusicianRole":"","DesignerRole":"","StreamerRole":"","TherapistRole":"","WelcomeChannel":"","InviteChannel":"","ChatChannel":"","RulesChannel":"","cezapuanlog":"","SleepRoomChannel":[],"TroubleshootingCategory":[],"RegisterRoomCategory":[],"PublicRoomsCategory":[],"PrivateRoomsCategory":[],"SecretRoomsCategory":[],"StreamerCategory":[],"ActivityCategorys":[],"vipRole":""}